Workbook

Sheet Đọc trước
A1: Test Scenario SC01–SC05 – Nhóm 1 (M1–M5 + F49) – hệ thống ANYN
A2: Người lập: Lâm Hoài An (Functional Tester 1). Ngày: 08/10/2026. Bản nháp chờ QA Lead duyệt.
A4: Kịch bản, mã chức năng và số TC lấy theo Checklist_TestCase.xlsx (100 TC chốt) và Test Plan v1.0; file này bổ sung phần mô tả chi tiết cho các kịch bản của Nhóm 1.
A5: Sheet "Test Scenario": mục tiêu, vai trò, điều kiện tiên quyết, luồng chính, luồng ngoại lệ, kỹ thuật thiết kế, kết quả mong đợi; số TC tính bằng công thức từ sheet ma trận.
A6: Sheet "Ma trận SC-TC": 49 TC của Nhóm 1 theo mã TC trong Checklist, kèm kịch bản. TC097 (F49 bộ lọc nội dung) thuộc SC11 nhưng do Nhóm 1 phụ trách.
A7: SC06–SC10 do Khang (Nhóm 2), SC11–SC12 do Khang, Tuệ và Minh bổ sung theo cùng mẫu.

Sheet Test Scenario
A1: Mã SC | B1: Kịch bản | C1: Mục tiêu | D1: Vai trò | E1: Mã CN | F1: Điều kiện tiên quyết | G1: Luồng chính | H1: Luồng thay thế và ngoại lệ | I1: Kỹ thuật thiết kế | J1: Kết quả mong đợi tổng quát | K1: Số TC | L1: P1 | M1: P2 | N1: P3
A2: SC01 | B2: Đăng ký, đăng nhập, quên mật khẩu, phiên | C2: Người dùng mới tạo tài khoản, đăng nhập an toàn, bị giới hạn khi nhập sai nhiều lần, khôi phục mật khẩu bằng liên kết và kết thúc phiên. | D2: Guest, User | E2: F01–F06 | F2: - Hệ thống chạy, CSDL mẫu đã nạp - Chưa có tài khoản tester01 (hoặc dùng email mới) - APP_ENV = development nên liên kết đặt lại mật khẩu hiện ngay trên trang | G2: 1. Guest mở trang Đăng ký, nhập thông tin hợp lệ và đăng ký 2. Đăng nhập bằng tài khoản vừa tạo (có thể tích Remember me) 3. Đăng xuất 4. Vào Quên mật khẩu, nhập email, mở liên kết đặt lại 5. Đặt mật khẩu mới rồi đăng nhập lại bằng mật khẩu mới | H2: - Đăng ký sai định dạng, trùng email/username, mật khẩu yếu hoặc ngoài biên 8–72, xác nhận không khớp - Đăng nhập sai nhiều lần: khóa sau 5 lần/email hoặc 20 lần/IP trong 15 phút, hết khóa, đăng nhập đúng xóa bộ đếm - Quên mật khẩu với email không tồn tại, vượt 5 yêu cầu/15 phút, yêu cầu mới làm token cũ mất hiệu lực - Token sai, hết hạn (30 phút) hoặc đã dùng - Đăng xuất rồi nhấn Back | I2: Use Case, Phân vùng tương đương, Biên (độ dài username/mật khẩu/email), Chuyển trạng thái (khóa đăng nhập, token), Đoán lỗi | J2: Tài khoản được tạo đúng, đăng nhập/đăng xuất đúng, thông báo lỗi không lộ email có tồn tại, cơ chế khóa và token hoạt động đúng quy tắc. | K2: =COUNTIF('Ma trận SC-TC'!$A$2:$A$50,$A2) -> 12 | L2: =COUNTIFS('Ma trận SC-TC'!$A$2:$A$50,$A2,'Ma trận SC-TC'!$F$2:$F$50,"P1") -> 10 | M2: =COUNTIFS('Ma trận SC-TC'!$A$2:$A$50,$A2,'Ma trận SC-TC'!$F$2:$F$50,"P2") -> 1 | N2: =COUNTIFS('Ma trận SC-TC'!$A$2:$A$50,$A2,'Ma trận SC-TC'!$F$2:$F$50,"P3") -> 1
A3: SC02 | B3: Phân quyền Guest / User / Admin | C3: Mỗi vai trò chỉ truy cập được trang và thao tác thuộc quyền; không vượt quyền và không sửa được dữ liệu của người khác. | D3: Guest, User, Admin | E3: F07 | F3: - Có 3 trạng thái: chưa đăng nhập, user thường (user01, user02), admin - Có sẵn idea và bình luận của user02 | G3: 1. Guest mở trực tiếp các trang cần đăng nhập (profile, commission, shop, my_commissions, submit_idea) 2. Guest và user thường mở các trang admin_* 3. Admin mở tất cả trang admin_* 4. Hạ quyền admin trong DB rồi tải lại trang quản trị | H3: - Mỗi trang phản hồi khác nhau (chuyển hướng, "Access Denied", "Sign in required") và mã HTTP của trang admin - POST giả mạo thao tác admin từ tài khoản user - User01 đổi id để sửa/xóa idea hoặc bình luận của user02 - Xóa tài khoản đang đăng nhập | I3: Bảng quyết định (vai trò × trang), Đoán lỗi | J3: Guest và user không vào được chức năng ngoài quyền, không lộ dữ liệu; quyền đọc lại từ CSDL ở mỗi request; dữ liệu người khác không bị thay đổi. | K3: =COUNTIF('Ma trận SC-TC'!$A$2:$A$50,$A3) -> 4 | L3: =COUNTIFS('Ma trận SC-TC'!$A$2:$A$50,$A3,'Ma trận SC-TC'!$F$2:$F$50,"P1") -> 4 | M3: =COUNTIFS('Ma trận SC-TC'!$A$2:$A$50,$A3,'Ma trận SC-TC'!$F$2:$F$50,"P2") -> 0 | N3: =COUNTIFS('Ma trận SC-TC'!$A$2:$A$50,$A3,'Ma trận SC-TC'!$F$2:$F$50,"P3") -> 0
A4: SC03 | B4: Duyệt gallery, tìm kiếm, xem bot | C4: Người dùng khám phá nhân vật: tìm kiếm có gợi ý, lọc, sắp xếp, phân trang, xem chi tiết bot, gallery và bộ sưu tập, thả tim ảnh. | D4: Guest, User | E4: F08–F13, F17 | F4: - CSDL có bot, theme, ảnh gallery và bộ sưu tập - Có ít nhất 25 bot nếu muốn kiểm tra phân trang (thêm bot qua admin) | G4: 1. Mở trang chủ, kiểm tra số liệu và danh sách bot 2. Gõ từ khóa, xem gợi ý, tìm kiếm 3. Lọc theo theme, đổi cách sắp xếp, sang trang 2 4. Mở chi tiết bot và bộ sưu tập chứa bot 5. Mở Gallery, mở rộng nhóm ảnh 6. User đăng nhập thả tim một ảnh, bấm lại để gỡ | H4: - Tìm không có kết quả, ký tự %, _, \, chuỗi dài, XSS ở ô tìm kiếm - sort/page không hợp lệ, id bot hoặc id nhóm không tồn tại/không phải số - Theme bị cấm không hiển thị - Guest thả tim, giả mạo reaction_type hoặc gallery_id | I4: Phân vùng tương đương, Biên (độ dài từ khóa, số trang), Bảng quyết định, Đoán lỗi | J4: Kết quả tìm kiếm, lọc, sắp xếp, phân trang đúng; thông tin bot đúng; reaction bật/tắt/đổi đúng; tham số bất thường được xử lý an toàn. | K4: =COUNTIF('Ma trận SC-TC'!$A$2:$A$50,$A4) -> 12 | L4: =COUNTIFS('Ma trận SC-TC'!$A$2:$A$50,$A4,'Ma trận SC-TC'!$F$2:$F$50,"P1") -> 4 | M4: =COUNTIFS('Ma trận SC-TC'!$A$2:$A$50,$A4,'Ma trận SC-TC'!$F$2:$F$50,"P2") -> 6 | N4: =COUNTIFS('Ma trận SC-TC'!$A$2:$A$50,$A4,'Ma trận SC-TC'!$F$2:$F$50,"P3") -> 2
A5: SC04 | B5: Đánh giá và bình luận bot | C5: User chấm điểm và thảo luận về một bot; chỉ chủ bình luận được sửa, chủ hoặc admin được xóa. | D5: User, Admin | E5: F14–F16 | F5: - Đăng nhập user01; có bot hợp lệ - Có tài khoản user02 và admin để kiểm tra quyền | G5: 1. Mở chi tiết bot, chấm điểm và kiểm tra điểm trung bình 2. Chấm lại để cập nhật điểm 3. Thêm bình luận, kiểm tra hiển thị kèm điểm 4. Sửa bình luận (hiện dấu đã sửa) 5. Xóa bình luận 6. Admin xóa bình luận của user | H5: - Điểm ngoài khoảng 1–5, giá trị không phải số (code ép về 1 hoặc 5) - Guest chấm điểm bằng POST giả - Bình luận rỗng, dài hơn 1000 ký tự, Unicode/emoji, script/HTML - User khác sửa/xóa bình luận của người khác (IDOR) | I5: Use Case, Biên (điểm 1–5, độ dài bình luận), Đoán lỗi (XSS, IDOR) | J5: Điểm trung bình và số lượt chấm cập nhật đúng; bình luận hiển thị an toàn; quyền sửa/xóa đúng quy tắc. | K5: =COUNTIF('Ma trận SC-TC'!$A$2:$A$50,$A5) -> 7 | L5: =COUNTIFS('Ma trận SC-TC'!$A$2:$A$50,$A5,'Ma trận SC-TC'!$F$2:$F$50,"P1") -> 6 | M5: =COUNTIFS('Ma trận SC-TC'!$A$2:$A$50,$A5,'Ma trận SC-TC'!$F$2:$F$50,"P2") -> 1 | N5: =COUNTIFS('Ma trận SC-TC'!$A$2:$A$50,$A5,'Ma trận SC-TC'!$F$2:$F$50,"P3") -> 0
A6: SC05 | B6: Vòng đời ý tưởng (Idea) | C6: Idea đi từ lúc user gửi, được upvote, đến khi admin xử lý và hoàn thành; chủ idea chỉ sửa/xóa khi còn Open. | D6: User, Admin | E6: F18–F23 | F6: - Có user01, user02 và admin - Hệ thống cho phép upload ảnh (thư mục uploads ghi được) | G6: 1. User01 gửi idea hợp lệ (nhận gems nhiệm vụ) 2. User02 upvote idea 3. User01 sửa rồi xóa một idea Open 4. Admin chuyển idea sang In Progress 5. Admin hoàn thành idea (Published có bot hoặc Unlisted có link) 6. Admin mở lại idea về Open 7. Kiểm tra danh sách Ideas theo trạng thái | H6: - Thiếu trường, vượt độ dài, ảnh sai định dạng/dung lượng, URL ảnh sai - Upvote hai lần, bấm đúp, upvote idea của chính mình, upvote idea không còn Open, Guest upvote - Sửa/xóa idea của người khác hoặc idea đã In Progress/Completed - User thường gửi POST đổi trạng thái; Unlisted thiếu link hoặc link không phải http/https - Tham số msg/error chứa script | I6: Use Case, Chuyển trạng thái (Open → In Progress → Completed → Open), Bảng quyết định (quyền × trạng thái), Biên, Đoán lỗi | J6: Trạng thái và thời điểm hoàn thành đổi đúng; mỗi người chỉ một upvote; quyền sửa/xóa/đổi trạng thái đúng; gems chỉ cộng theo quy tắc nhiệm vụ. | K6: =COUNTIF('Ma trận SC-TC'!$A$2:$A$50,$A6) -> 13 | L6: =COUNTIFS('Ma trận SC-TC'!$A$2:$A$50,$A6,'Ma trận SC-TC'!$F$2:$F$50,"P1") -> 9 | M6: =COUNTIFS('Ma trận SC-TC'!$A$2:$A$50,$A6,'Ma trận SC-TC'!$F$2:$F$50,"P2") -> 3 | N6: =COUNTIFS('Ma trận SC-TC'!$A$2:$A$50,$A6,'Ma trận SC-TC'!$F$2:$F$50,"P3") -> 1
A7: SC11 | B7: Bảo mật ứng dụng (phần F49 do Nhóm 1 phụ trách) | C7: TC bộ lọc nội dung: biến thể tag cấm | D7: Admin | E7: F49 | I7: Chuẩn hóa tên theme, Đoán lỗi | J7: Biến thể được chuẩn hóa bị chặn; ghi nhận biến thể lọt qua. | K7: =COUNTIF('Ma trận SC-TC'!$A$2:$A$50,$A7) -> 1 | L7: =COUNTIFS('Ma trận SC-TC'!$A$2:$A$50,$A7,'Ma trận SC-TC'!$F$2:$F$50,"P1") -> 0 | M7: =COUNTIFS('Ma trận SC-TC'!$A$2:$A$50,$A7,'Ma trận SC-TC'!$F$2:$F$50,"P2") -> 1 | N7: =COUNTIFS('Ma trận SC-TC'!$A$2:$A$50,$A7,'Ma trận SC-TC'!$F$2:$F$50,"P3") -> 0
A8: Tổng | K8: =SUM(K2:K7) -> 49 | L8: =SUM(L2:L7) -> 33 | M8: =SUM(M2:M7) -> 12 | N8: =SUM(N2:N7) -> 4

Sheet Ma trận SC-TC
A1: Mã SC | B1: TC ID | C1: Mã CN | D1: Tiêu đề test case | E1: Loại test | F1: Ưu tiên
A2: SC01 | B2: TC001 | C2: F01 | D2: Đăng ký thành công với dữ liệu hợp lệ | E2: Chức năng | F2: P1
A3: SC01 | B3: TC002 | C3: F01 | D3: Đăng ký trùng email | E3: Chức năng | F3: P1
A4: SC01 | B4: TC003 | C4: F01 | D4: Mật khẩu ngắn hơn 8 ký tự | E4: Biên | F4: P1
A5: SC01 | B5: TC004 | C5: F02 | D5: Đăng nhập đúng | E5: Chức năng | F5: P1
A6: SC01 | B6: TC005 | C6: F02 | D6: Đăng nhập sai mật khẩu | E6: Chức năng | F6: P1
A7: SC01 | B7: TC006 | C7: F03 | D7: Sai 5 lần liên tiếp cùng email | E7: Bảo mật | F7: P1
A8: SC01 | B8: TC007 | C8: F03 | D8: Hết thời gian khóa | E8: Chức năng | F8: P3
A9: SC01 | B9: TC008 | C9: F04 | D9: Đăng xuất | E9: Chức năng | F9: P1
A10: SC01 | B10: TC009 | C10: F05 | D10: Yêu cầu reset với email tồn tại | E10: Chức năng | F10: P1
A11: SC01 | B11: TC010 | C11: F05 | D11: Yêu cầu reset với email không tồn tại | E11: Bảo mật | F11: P2
A12: SC01 | B12: TC011 | C12: F06 | D12: Reset bằng token hợp lệ | E12: Chức năng | F12: P1
... A50: SC11 | B50: TC097 | C50: F49 | D50: Biến thể tag cấm | E50: Chức năng | F50: P2
